Data_Exclusao,Usuario,Tipo_Processo,Numero_Processo,Beneficiario,CPF,Status,Valor,Dados_Completos
23/09/2025 16:32:36,admin,Alvará,0003456-78.2024.8.26.0001,,456.789.123-45,Cadastro,"R$ 15.000,00","{'ID': 'f3f3b3b2-cb77-43df-838c-0a5cc6f813d7', 'Processo': '0003456-78.2024.8.26.0001', 'Parte': 'Pedro Oliveira Teste', 'CPF': '456.789.123-45', 'Advogado': 'Dr. Carlos Silva', 'Descricao Alvara': 'Liberação de valores - teste', 'Valor': 'R$ 15.000,00', 'Banco': 'CEF', 'Agência': 9999.0, 'Conta': '88888-8', 'Obs Gerais': 'Alvará de teste - Cadastro', 'Status': 'Cadastro', 'Cadastrado por': 'admin', 'Data de Cadastro': '18/09/2025 09:07:07', 'Órgão Judicial': nan, 'Pagamento': nan, 'Observação pagamento': nan, 'Honorários Sucumbenciais': nan, 'Observação Honorários': nan, 'Data Cadastro': nan, 'Cadastrado Por': nan, 'Comprovante Conta': nan, 'PDF Alvará': nan, 'Data Envio Financeiro': nan, 'Enviado Financeiro Por': nan, 'Valor Total Alvara': nan, 'Valor Devido Cliente': nan, 'Valor Escritorio Contratual': nan, 'Valor Escritorio Sucumbencial': nan, 'Observacoes Financeiras': nan, 'Data Envio Rodrigo': nan, 'Enviado Rodrigo Por': nan, 'Comprovante Recebimento': nan, 'Data Finalização': nan, 'Finalizado Por': nan, 'Pendente de Cadastro': nan, 'Valor Sacado': nan, 'Honorarios Sucumbenciais Valor': nan, 'Prospector Parceiro': nan, 'Honorarios Contratuais': nan, 'Valor do Alvará': 0.0, 'Observações': nan}"
23/09/2025 16:32:37,admin,Alvará,0004567-89.2024.8.26.0002,,789.123.456-78,Enviado Rodrigo,"R$ 50.000,00","{'ID': '88d8a5a1-e400-4bbf-a60f-a73b00903683', 'Processo': '0004567-89.2024.8.26.0002', 'Parte': 'Ana Costa Teste', 'CPF': '789.123.456-78', 'Advogado': 'Dra. Fernanda Lima', 'Descricao Alvara': 'Herança - teste', 'Valor': 'R$ 50.000,00', 'Banco': 'BB', 'Agência': 7777.0, 'Conta': '66666-6', 'Obs Gerais': 'Alvará de teste - Enviado Rodrigo', 'Status': 'Enviado Rodrigo', 'Cadastrado por': 'admin', 'Data de Cadastro': '18/09/2025 09:07:07', 'Órgão Judicial': nan, 'Pagamento': nan, 'Observação pagamento': nan, 'Honorários Sucumbenciais': nan, 'Observação Honorários': nan, 'Data Cadastro': nan, 'Cadastrado Por': nan, 'Comprovante Conta': nan, 'PDF Alvará': nan, 'Data Envio Financeiro': nan, 'Enviado Financeiro Por': nan, 'Valor Total Alvara': nan, 'Valor Devido Cliente': nan, 'Valor Escritorio Contratual': nan, 'Valor Escritorio Sucumbencial': nan, 'Observacoes Financeiras': nan, 'Data Envio Rodrigo': nan, 'Enviado Rodrigo Por': nan, 'Comprovante Recebimento': nan, 'Data Finalização': nan, 'Finalizado Por': nan, 'Pendente de Cadastro': nan, 'Valor Sacado': nan, 'Honorarios Sucumbenciais Valor': nan, 'Prospector Parceiro': nan, 'Honorarios Contratuais': nan, 'Valor do Alvará': 0.0, 'Observações': nan}"
23/09/2025 16:32:37,admin,Alvará,123456789101112,,96963824568,Financeiro - Enviado para Rodrigo,,"{'ID': '1', 'Processo': '123456789101112', 'Parte': 'JOSE LEONARDO RIBEIRO NASCIMENTO', 'CPF': '96963824568', 'Advogado': nan, 'Descricao Alvara': nan, 'Valor': nan, 'Banco': nan, 'Agência': nan, 'Conta': nan, 'Obs Gerais': nan, 'Status': 'Financeiro - Enviado para Rodrigo', 'Cadastrado por': nan, 'Data de Cadastro': nan, 'Órgão Judicial': 'TRF 6ª REGIAO', 'Pagamento': 'R$ 10000', 'Observação pagamento': nan, 'Honorários Sucumbenciais': 'Sim', 'Observação Honorários': nan, 'Data Cadastro': '23/09/2025 16:54', 'Cadastrado Por': 'victor', 'Comprovante Conta': 'Drive: 123456789101112_comprovante_20250923_165528_3ª Pregação- Salvação de Jesus.docx.docx.pdf (ID: 1ryID946N1V0uXiZAeCYkMOfTvODZhEvW)', 'PDF Alvará': 'Drive: 123456789101112_alvara_20250923_165530_3ª Pregação- Salvação de Jesus.docx.docx.pdf (ID: 1Dk-QP2KO7R2em48TcsRDcP8refHDPY1N)', 'Data Envio Financeiro': '23/09/2025 16:55', 'Enviado Financeiro Por': 'victor', 'Valor Total Alvara': nan, 'Valor Devido Cliente': nan, 'Valor Escritorio Contratual': nan, 'Valor Escritorio Sucumbencial': nan, 'Observacoes Financeiras': nan, 'Data Envio Rodrigo': '23/09/2025 17:04', 'Enviado Rodrigo Por': 'claudia', 'Comprovante Recebimento': nan, 'Data Finalização': nan, 'Finalizado Por': nan, 'Pendente de Cadastro': 'Não', 'Valor Sacado': 10000.0, 'Honorarios Sucumbenciais Valor': 0.0, 'Prospector Parceiro': 200.0, 'Honorarios Contratuais': 1500.0, 'Valor do Alvará': nan, 'Observações': nan}"
23/09/2025 16:32:38,admin,Alvará,213213123123,,06694545592,Cadastrado,,"{'ID': 2, 'Processo': '213213123123', 'Parte': 'ANDRÉ NOVO TESTE', 'CPF': '06694545592', 'Advogado': '', 'Descricao Alvara': '', 'Valor': '', 'Banco': '', 'Agência': '', 'Conta': '', 'Obs Gerais': '', 'Status': 'Cadastrado', 'Cadastrado por': '', 'Data de Cadastro': '', 'Órgão Judicial': 'TRIBUNAL REGIONAL FEDERAL DA 5.ª REGIAO (TRF5)', 'Pagamento': 'R$ 14000', 'Observação pagamento': 'Pagar na sexta', 'Honorários Sucumbenciais': 'Sim', 'Observação Honorários': '10%', 'Data Cadastro': '23/09/2025 15:55', 'Cadastrado Por': 'admin', 'Comprovante Conta': '', 'PDF Alvará': '', 'Data Envio Financeiro': '', 'Enviado Financeiro Por': '', 'Valor Total Alvara': '', 'Valor Devido Cliente': '', 'Valor Escritorio Contratual': '', 'Valor Escritorio Sucumbencial': '', 'Observacoes Financeiras': '', 'Data Envio Rodrigo': '', 'Enviado Rodrigo Por': '', 'Comprovante Recebimento': '', 'Data Finalização': '', 'Finalizado Por': '', 'Pendente de Cadastro': '', 'Valor Sacado': '', 'Honorarios Sucumbenciais Valor': '', 'Prospector Parceiro': '', 'Honorarios Contratuais': '', 'Valor do Alvará': '', 'Observações': ''}"
24/09/2025 10:59:58,admin,RPV,0001234-56.2024.5.02.0001,João da Silva Teste,123.456.789-01,Cadastro,,"{'ID': 'eff87b09-db95-4065-af9f-c9b7be9b66d1', 'Processo': '0001234-56.2024.5.02.0001', 'Beneficiário': 'João da Silva Teste', 'CPF': '123.456.789-01', 'Descricao RPV': 'Diferenças salariais - teste', 'Assunto': 'Trabalhista', 'Orgao Judicial': 'TRT 2ª Região', 'Vara': '1ª Vara do Trabalho', 'Banco': 'CEF', 'Agência': '1234.0', 'Conta': '56789-0', 'Mês Competência': '09/2024', 'Solicitar Certidão': 'Sim', 'Observações': 'Processo de teste - RPV', 'Status': 'Cadastro', 'Cadastrado por': 'admin', 'Data de Cadastro': '18/09/2025 09:07:07', 'Observações Honorários': 'Teste de observações contratuais', 'Status Secundario': nan, 'SAC Documentacao Pronta': nan, 'Data SAC Documentacao': nan, 'SAC Responsavel': nan, 'Admin Documentacao Pronta': nan, 'Data Admin Documentacao': nan, 'Admin Responsavel': nan, 'Validado Financeiro': nan, 'Data Validacao': nan, 'Validado Por': nan, 'Comprovante Recebimento': nan, 'Data Recebimento': nan, 'Recebido Por': nan, 'Comprovante Pagamento': nan, 'Data Pagamento': nan, 'Pago Por': nan, 'Data Finalizacao': nan, 'Honorarios Contratuais': nan, 'HC1': nan, 'HC2': nan, 'Observacoes Honorarios Contratuais': nan, 'Valor Saque': nan, 'H Sucumbenciais': nan, 'Valor Parceiro Prospector': nan, 'Outros Valores': nan, 'Observacoes Gerais': nan, 'Forma Pagamento': nan, 'Houve Destaque Honorarios': nan, 'Valor Cliente': nan, 'Data Cadastro': nan, 'Cadastrado Por': nan, 'PDF RPV': nan, 'Data Comprovante Recebimento': nan, 'Recebimento Por': nan, 'Data Envio': nan, 'Enviado Por': nan, 'Valor Líquido': nan, 'Observações Pagamento': nan, 'Data Finalização': nan, 'Finalizado Por': nan, 'Valor Honorario Sucumbencial': nan, 'Observacoes Valores': nan}"
24/09/2025 11:00:02,admin,RPV,0002345-67.2024.5.02.0002,Maria dos Santos Teste,987.654.321-09,Enviado SAC,,"{'ID': 'b48f5611-4d59-4cde-8044-664d9e23bc8a', 'Processo': '0002345-67.2024.5.02.0002', 'Beneficiário': 'Maria dos Santos Teste', 'CPF': '987.654.321-09', 'Descricao RPV': 'Horas extras - teste', 'Assunto': 'Trabalhista', 'Orgao Judicial': 'TRT 2ª Região', 'Vara': '2ª Vara do Trabalho', 'Banco': 'BB', 'Agência': '5678.0', 'Conta': '12345-6', 'Mês Competência': '10/2024', 'Solicitar Certidão': 'Não', 'Observações': 'Processo de teste - Enviado SAC', 'Status': 'Enviado SAC', 'Cadastrado por': 'admin', 'Data de Cadastro': '18/09/2025 09:07:07', 'Observações Honorários': nan, 'Status Secundario': nan, 'SAC Documentacao Pronta': nan, 'Data SAC Documentacao': nan, 'SAC Responsavel': nan, 'Admin Documentacao Pronta': nan, 'Data Admin Documentacao': nan, 'Admin Responsavel': nan, 'Validado Financeiro': nan, 'Data Validacao': nan, 'Validado Por': nan, 'Comprovante Recebimento': nan, 'Data Recebimento': nan, 'Recebido Por': nan, 'Comprovante Pagamento': nan, 'Data Pagamento': nan, 'Pago Por': nan, 'Data Finalizacao': nan, 'Honorarios Contratuais': nan, 'HC1': nan, 'HC2': nan, 'Observacoes Honorarios Contratuais': nan, 'Valor Saque': nan, 'H Sucumbenciais': nan, 'Valor Parceiro Prospector': nan, 'Outros Valores': nan, 'Observacoes Gerais': nan, 'Forma Pagamento': nan, 'Houve Destaque Honorarios': nan, 'Valor Cliente': nan, 'Data Cadastro': nan, 'Cadastrado Por': nan, 'PDF RPV': nan, 'Data Comprovante Recebimento': nan, 'Recebimento Por': nan, 'Data Envio': nan, 'Enviado Por': nan, 'Valor Líquido': nan, 'Observações Pagamento': nan, 'Data Finalização': nan, 'Finalizado Por': nan, 'Valor Honorario Sucumbencial': nan, 'Observacoes Valores': nan}"
24/09/2025 11:00:23,admin,RPV,567567-1,André,18060490992,SAC - documentação pronta,,"{'ID': '1', 'Processo': '567567-1', 'Beneficiário': 'André', 'CPF': '18060490992', 'Descricao RPV': 'Teste1', 'Assunto': 'PENSAO POR MORTE', 'Orgao Judicial': 'TRIBUNAL REGIONAL FEDERAL 5ª REGIAO (TRF5)', 'Vara': '1ª VARA CIVEL', 'Banco': 'BB', 'Agência': 'asdasd', 'Conta': '123123', 'Mês Competência': '11/2024', 'Solicitar Certidão': 'Sim', 'Observações': 'geral', 'Status': 'SAC - documentação pronta', 'Cadastrado por': nan, 'Data de Cadastro': nan, 'Observações Honorários': nan, 'Status Secundario': 'Administrativo - aguardando documentação', 'SAC Documentacao Pronta': 'Sim', 'Data SAC Documentacao': '19/09/2025 07:26', 'SAC Responsavel': 'admin', 'Admin Documentacao Pronta': 'Não', 'Data Admin Documentacao': nan, 'Admin Responsavel': nan, 'Validado Financeiro': 'Não', 'Data Validacao': nan, 'Validado Por': nan, 'Comprovante Recebimento': nan, 'Data Recebimento': nan, 'Recebido Por': nan, 'Comprovante Pagamento': nan, 'Data Pagamento': nan, 'Pago Por': nan, 'Data Finalizacao': nan, 'Honorarios Contratuais': 200.0, 'HC1': nan, 'HC2': nan, 'Observacoes Honorarios Contratuais': 'obshc', 'Valor Saque': 450.0, 'H Sucumbenciais': 130.0, 'Valor Parceiro Prospector': 300.0, 'Outros Valores': 40.0, 'Observacoes Gerais': 'obs', 'Forma Pagamento': 'Transferência', 'Houve Destaque Honorarios': 'Sim', 'Valor Cliente': 25.0, 'Data Cadastro': '18/09/2025 18:01', 'Cadastrado Por': 'admin', 'PDF RPV': 'Drive: 567567-1_rpv_20250918_180142_PROVA_1_UNIDADE_CALCULO14.pdf (ID: 1obSrmHyv86xKsr7KbTT6u4ypMBCE64JQ)', 'Data Comprovante Recebimento': nan, 'Recebimento Por': nan, 'Data Envio': '19/09/2025 07:25', 'Enviado Por': 'admin', 'Valor Líquido': nan, 'Observações Pagamento': nan, 'Data Finalização': nan, 'Finalizado Por': nan, 'Valor Honorario Sucumbencial': 0.0, 'Observacoes Valores': nan}"
24/09/2025 11:00:23,admin,RPV,567567-2,André,18060490992,Cadastro,,"{'ID': '1', 'Processo': '567567-2', 'Beneficiário': 'André', 'CPF': '18060490992', 'Descricao RPV': 'teste2', 'Assunto': 'PENSAO POR MORTE', 'Orgao Judicial': 'TRIBUNAL REGIONAL FEDERAL 5ª REGIAO (TRF5)', 'Vara': '1ª VARA CIVEL', 'Banco': 'BB', 'Agência': nan, 'Conta': nan, 'Mês Competência': '11/2024', 'Solicitar Certidão': 'Sim', 'Observações': 'geral', 'Status': 'Cadastro', 'Cadastrado por': nan, 'Data de Cadastro': nan, 'Observações Honorários': nan, 'Status Secundario': nan, 'SAC Documentacao Pronta': 'Não', 'Data SAC Documentacao': nan, 'SAC Responsavel': nan, 'Admin Documentacao Pronta': 'Não', 'Data Admin Documentacao': nan, 'Admin Responsavel': nan, 'Validado Financeiro': 'Não', 'Data Validacao': nan, 'Validado Por': nan, 'Comprovante Recebimento': nan, 'Data Recebimento': nan, 'Recebido Por': nan, 'Comprovante Pagamento': nan, 'Data Pagamento': nan, 'Pago Por': nan, 'Data Finalizacao': nan, 'Honorarios Contratuais': 300.0, 'HC1': nan, 'HC2': nan, 'Observacoes Honorarios Contratuais': 'bbbbbbb', 'Valor Saque': 6045.0, 'H Sucumbenciais': 200.0, 'Valor Parceiro Prospector': 400.0, 'Outros Valores': 5000.0, 'Observacoes Gerais': 'aaaaa', 'Forma Pagamento': 'PIX', 'Houve Destaque Honorarios': 'Não', 'Valor Cliente': 16.0, 'Data Cadastro': '18/09/2025 18:01', 'Cadastrado Por': 'admin', 'PDF RPV': 'Drive: 567567-2_rpv_20250918_180146_limites.pdf (ID: 13Sr6-Ep8QXUQFqlkKoUQi10OQe9j-dLU)', 'Data Comprovante Recebimento': nan, 'Recebimento Por': nan, 'Data Envio': nan, 'Enviado Por': nan, 'Valor Líquido': nan, 'Observações Pagamento': nan, 'Data Finalização': nan, 'Finalizado Por': nan, 'Valor Honorario Sucumbencial': nan, 'Observacoes Valores': nan}"
24/09/2025 11:00:23,admin,RPV,567567-3,André,18060490992,Cadastro,,"{'ID': '1', 'Processo': '567567-3', 'Beneficiário': 'André', 'CPF': '18060490992', 'Descricao RPV': 'teste3', 'Assunto': 'PENSAO POR MORTE', 'Orgao Judicial': 'TRIBUNAL REGIONAL FEDERAL 5ª REGIAO (TRF5)', 'Vara': '1ª VARA CIVEL', 'Banco': 'BB', 'Agência': nan, 'Conta': nan, 'Mês Competência': '11/2024', 'Solicitar Certidão': 'Sim', 'Observações': 'geral', 'Status': 'Cadastro', 'Cadastrado por': nan, 'Data de Cadastro': nan, 'Observações Honorários': nan, 'Status Secundario': nan, 'SAC Documentacao Pronta': 'Não', 'Data SAC Documentacao': nan, 'SAC Responsavel': nan, 'Admin Documentacao Pronta': 'Não', 'Data Admin Documentacao': nan, 'Admin Responsavel': nan, 'Validado Financeiro': 'Não', 'Data Validacao': nan, 'Validado Por': nan, 'Comprovante Recebimento': nan, 'Data Recebimento': nan, 'Recebido Por': nan, 'Comprovante Pagamento': nan, 'Data Pagamento': nan, 'Pago Por': nan, 'Data Finalizacao': nan, 'Honorarios Contratuais': 345.0, 'HC1': nan, 'HC2': nan, 'Observacoes Honorarios Contratuais': 'BAVAAVA', 'Valor Saque': 12312.0, 'H Sucumbenciais': 34.0, 'Valor Parceiro Prospector': 600.0, 'Outros Valores': 45.0, 'Observacoes Gerais': 'AAAA', 'Forma Pagamento': 'PIX', 'Houve Destaque Honorarios': 'Sim', 'Valor Cliente': 21.0, 'Data Cadastro': '18/09/2025 18:01', 'Cadastrado Por': 'admin', 'PDF RPV': 'Drive: 567567-3_rpv_20250918_180149_AGENDA DE EVENTOS.pdf (ID: 1kiWF49eQia5BqTp-gqYY5tJJdbeqnRUc)', 'Data Comprovante Recebimento': nan, 'Recebimento Por': nan, 'Data Envio': nan, 'Enviado Por': nan, 'Valor Líquido': nan, 'Observações Pagamento': nan, 'Data Finalização': nan, 'Finalizado Por': nan, 'Valor Honorario Sucumbencial': nan, 'Observacoes Valores': nan}"
24/09/2025 11:00:23,admin,RPV,123456789101112-1,JOSE LEONARDO RIBEIRO NASCIMENTO,96963824568,Cadastro,,"{'ID': '2', 'Processo': '123456789101112-1', 'Beneficiário': 'JOSE LEONARDO RIBEIRO NASCIMENTO', 'CPF': '96963824568', 'Descricao RPV': 'RPV 1 TESTE', 'Assunto': 'ABONO ANUAL (13º SALARIO)', 'Orgao Judicial': 'TRF 10ª REGIAO', 'Vara': '1ª VARA CIVEL', 'Banco': 'CEF', 'Agência': nan, 'Conta': nan, 'Mês Competência': '08/2025', 'Solicitar Certidão': 'Sim', 'Observações': nan, 'Status': 'Cadastro', 'Cadastrado por': nan, 'Data de Cadastro': nan, 'Observações Honorários': nan, 'Status Secundario': nan, 'SAC Documentacao Pronta': 'Não', 'Data SAC Documentacao': nan, 'SAC Responsavel': nan, 'Admin Documentacao Pronta': 'Não', 'Data Admin Documentacao': nan, 'Admin Responsavel': nan, 'Validado Financeiro': 'Não', 'Data Validacao': nan, 'Validado Por': nan, 'Comprovante Recebimento': nan, 'Data Recebimento': nan, 'Recebido Por': nan, 'Comprovante Pagamento': nan, 'Data Pagamento': nan, 'Pago Por': nan, 'Data Finalizacao': nan, 'Honorarios Contratuais': 3000.0, 'HC1': nan, 'HC2': nan, 'Observacoes Honorarios Contratuais': nan, 'Valor Saque': 10000.0, 'H Sucumbenciais': 1000.0, 'Valor Parceiro Prospector': 150.0, 'Outros Valores': 0.0, 'Observacoes Gerais': nan, 'Forma Pagamento': 'PIX', 'Houve Destaque Honorarios': 'Sim', 'Valor Cliente': 7000.0, 'Data Cadastro': '23/09/2025 16:58', 'Cadastrado Por': 'victor', 'PDF RPV': 'Drive: 123456789101112-1_rpv_20250923_165844_3ª Pregação- Salvação de Jesus.docx.docx.pdf (ID: 10sqZw61G3CxguoYUYMHdud0JaJxN07iJ)', 'Data Comprovante Recebimento': nan, 'Recebimento Por': nan, 'Data Envio': nan, 'Enviado Por': nan, 'Valor Líquido': nan, 'Observações Pagamento': nan, 'Data Finalização': nan, 'Finalizado Por': nan, 'Valor Honorario Sucumbencial': nan, 'Observacoes Valores': nan}"
24/09/2025 11:00:27,admin,RPV,123456789101112-2,JOSE LEONARDO RIBEIRO NASCIMENTO,96963824568,Cadastro,,"{'ID': '2', 'Processo': '123456789101112-2', 'Beneficiário': 'JOSE LEONARDO RIBEIRO NASCIMENTO', 'CPF': '96963824568', 'Descricao RPV': 'RPV 2 TESTE', 'Assunto': 'ABONO ANUAL (13º SALARIO)', 'Orgao Judicial': 'TRF 10ª REGIAO', 'Vara': '1ª VARA CIVEL', 'Banco': 'CEF', 'Agência': nan, 'Conta': nan, 'Mês Competência': '08/2025', 'Solicitar Certidão': 'Sim', 'Observações': nan, 'Status': 'Cadastro', 'Cadastrado por': nan, 'Data de Cadastro': nan, 'Observações Honorários': nan, 'Status Secundario': nan, 'SAC Documentacao Pronta': 'Não', 'Data SAC Documentacao': nan, 'SAC Responsavel': nan, 'Admin Documentacao Pronta': 'Não', 'Data Admin Documentacao': nan, 'Admin Responsavel': nan, 'Validado Financeiro': 'Não', 'Data Validacao': nan, 'Validado Por': nan, 'Comprovante Recebimento': nan, 'Data Recebimento': nan, 'Recebido Por': nan, 'Comprovante Pagamento': nan, 'Data Pagamento': nan, 'Pago Por': nan, 'Data Finalizacao': nan, 'Honorarios Contratuais': 2000.0, 'HC1': nan, 'HC2': nan, 'Observacoes Honorarios Contratuais': nan, 'Valor Saque': 10000.0, 'H Sucumbenciais': 0.0, 'Valor Parceiro Prospector': 0.0, 'Outros Valores': 0.0, 'Observacoes Gerais': nan, 'Forma Pagamento': 'PIX', 'Houve Destaque Honorarios': 'Não', 'Valor Cliente': 8000.0, 'Data Cadastro': '23/09/2025 16:58', 'Cadastrado Por': 'victor', 'PDF RPV': 'Drive: 123456789101112-2_rpv_20250923_165846_3ª Pregação- Salvação de Jesus.docx.docx.pdf (ID: 11MoJyrOOsXYhsni9uaH6vM2l6vliqlNR)', 'Data Comprovante Recebimento': nan, 'Recebimento Por': nan, 'Data Envio': nan, 'Enviado Por': nan, 'Valor Líquido': nan, 'Observações Pagamento': nan, 'Data Finalização': nan, 'Finalizado Por': nan, 'Valor Honorario Sucumbencial': nan, 'Observacoes Valores': nan}"
24/09/2025 11:00:27,admin,RPV,0001234-56.2024.5.02.0001,João da Silva Teste,123.456.789-01,Cadastro,,"{'ID': 'f4e55a81-eccd-469a-9dd5-c5cb72e3eb3b', 'Processo': '0001234-56.2024.5.02.0001', 'Beneficiário': 'João da Silva Teste', 'CPF': '123.456.789-01', 'Descricao RPV': 'Diferenças salariais - teste', 'Assunto': 'Trabalhista', 'Orgao Judicial': 'TRT 2ª Região', 'Vara': '1ª Vara do Trabalho', 'Banco': 'CEF', 'Agência': '1234', 'Conta': '56789-0', 'Mês Competência': '09/2024', 'Solicitar Certidão': 'Sim', 'Observações': 'Processo de teste - RPV', 'Status': 'Cadastro', 'Cadastrado por': 'admin', 'Data de Cadastro': '23/09/2025 17:03:42', 'Observações Honorários': 'Teste de observações contratuais', 'Status Secundario': nan, 'SAC Documentacao Pronta': nan, 'Data SAC Documentacao': nan, 'SAC Responsavel': nan, 'Admin Documentacao Pronta': nan, 'Data Admin Documentacao': nan, 'Admin Responsavel': nan, 'Validado Financeiro': nan, 'Data Validacao': nan, 'Validado Por': nan, 'Comprovante Recebimento': nan, 'Data Recebimento': nan, 'Recebido Por': nan, 'Comprovante Pagamento': nan, 'Data Pagamento': nan, 'Pago Por': nan, 'Data Finalizacao': nan, 'Honorarios Contratuais': nan, 'HC1': nan, 'HC2': nan, 'Observacoes Honorarios Contratuais': nan, 'Valor Saque': nan, 'H Sucumbenciais': nan, 'Valor Parceiro Prospector': nan, 'Outros Valores': nan, 'Observacoes Gerais': nan, 'Forma Pagamento': nan, 'Houve Destaque Honorarios': nan, 'Valor Cliente': nan, 'Data Cadastro': nan, 'Cadastrado Por': nan, 'PDF RPV': nan, 'Data Comprovante Recebimento': nan, 'Recebimento Por': nan, 'Data Envio': nan, 'Enviado Por': nan, 'Valor Líquido': nan, 'Observações Pagamento': nan, 'Data Finalização': nan, 'Finalizado Por': nan, 'Valor Honorario Sucumbencial': nan, 'Observacoes Valores': nan}"
24/09/2025 11:00:27,admin,RPV,0002345-67.2024.5.02.0002,Maria dos Santos Teste,987.654.321-09,Enviado SAC,,"{'ID': '68868c7a-3545-4be9-94c6-5fcf34ba1cfb', 'Processo': '0002345-67.2024.5.02.0002', 'Beneficiário': 'Maria dos Santos Teste', 'CPF': '987.654.321-09', 'Descricao RPV': 'Horas extras - teste', 'Assunto': 'Trabalhista', 'Orgao Judicial': 'TRT 2ª Região', 'Vara': '2ª Vara do Trabalho', 'Banco': 'BB', 'Agência': '5678', 'Conta': '12345-6', 'Mês Competência': '10/2024', 'Solicitar Certidão': 'Não', 'Observações': 'Processo de teste - Enviado SAC', 'Status': 'Enviado SAC', 'Cadastrado por': 'admin', 'Data de Cadastro': '23/09/2025 17:03:42', 'Observações Honorários': nan, 'Status Secundario': nan, 'SAC Documentacao Pronta': nan, 'Data SAC Documentacao': nan, 'SAC Responsavel': nan, 'Admin Documentacao Pronta': nan, 'Data Admin Documentacao': nan, 'Admin Responsavel': nan, 'Validado Financeiro': nan, 'Data Validacao': nan, 'Validado Por': nan, 'Comprovante Recebimento': nan, 'Data Recebimento': nan, 'Recebido Por': nan, 'Comprovante Pagamento': nan, 'Data Pagamento': nan, 'Pago Por': nan, 'Data Finalizacao': nan, 'Honorarios Contratuais': nan, 'HC1': nan, 'HC2': nan, 'Observacoes Honorarios Contratuais': nan, 'Valor Saque': nan, 'H Sucumbenciais': nan, 'Valor Parceiro Prospector': nan, 'Outros Valores': nan, 'Observacoes Gerais': nan, 'Forma Pagamento': nan, 'Houve Destaque Honorarios': nan, 'Valor Cliente': nan, 'Data Cadastro': nan, 'Cadastrado Por': nan, 'PDF RPV': nan, 'Data Comprovante Recebimento': nan, 'Recebimento Por': nan, 'Data Envio': nan, 'Enviado Por': nan, 'Valor Líquido': nan, 'Observações Pagamento': nan, 'Data Finalização': nan, 'Finalizado Por': nan, 'Valor Honorario Sucumbencial': nan, 'Observacoes Valores': nan}"
25/09/2025 10:41:55,admin,RPV,78796754545-1,Testes,6669454559,Cadastro,,"{'ID': 1, 'Processo': '78796754545-1', 'Beneficiário': 'Testes', 'CPF': 6669454559, 'Descricao RPV': 'Primeiro ', 'Assunto': 'REVISAO DE BENEFICIO', 'Orgao Judicial': 'TRIBUNAL REGIONAL FEDERAL 5ª REGIAO (TRF5)', 'Vara': '1ª VARA CIVEL', 'Banco': 'CEF', 'Agência': nan, 'Conta': nan, 'Mês Competência': '10/2025', 'Solicitar Certidão': 'Sim', 'Observações': 'Arquivo de teste múltiplo', 'Status': 'Cadastro', 'Cadastrado por': nan, 'Data de Cadastro': nan, 'Observações Honorários': nan, 'Status Secundario': nan, 'SAC Documentacao Pronta': 'Não', 'Data SAC Documentacao': nan, 'SAC Responsavel': nan, 'Admin Documentacao Pronta': 'Não', 'Data Admin Documentacao': nan, 'Admin Responsavel': nan, 'Validado Financeiro': 'Não', 'Data Validacao': nan, 'Validado Por': nan, 'Comprovante Recebimento': nan, 'Data Recebimento': nan, 'Recebido Por': nan, 'Comprovante Pagamento': nan, 'Data Pagamento': nan, 'Pago Por': nan, 'Data Finalizacao': nan, 'Honorarios Contratuais': 45.0, 'HC1': nan, 'HC2': nan, 'Observacoes Honorarios Contratuais': 'HC', 'Valor Saque': 4000.0, 'H Sucumbenciais': 678.0, 'Valor Parceiro Prospector': 100.0, 'Outros Valores': 200.0, 'Observacoes Gerais': 'info', 'Forma Pagamento': 'Transferência', 'Houve Destaque Honorarios': 'Sim', 'Valor Cliente': 0.05, 'Data Cadastro': '25/09/2025 09:02', 'Cadastrado Por': 'admin', 'PDF RPV': 'Drive: 78796754545-1_rpv_20250925_090244_consulta.pdf (ID: 1zRPKPtN3UUJIzkzsowmU0Jkm7YfOwa8_)', 'Data Comprovante Recebimento': nan, 'Recebimento Por': nan, 'Data Envio': nan, 'Enviado Por': nan, 'Valor Líquido': nan, 'Observações Pagamento': nan, 'Data Finalização': nan, 'Finalizado Por': nan, 'Valor Honorario Sucumbencial': nan, 'Observacoes Valores': nan}"
25/09/2025 10:41:59,admin,RPV,78796754545-2,Testes,6669454559,Cadastro,,"{'ID': 1, 'Processo': '78796754545-2', 'Beneficiário': 'Testes', 'CPF': 6669454559, 'Descricao RPV': 'Segundo', 'Assunto': 'REVISAO DE BENEFICIO', 'Orgao Judicial': 'TRIBUNAL REGIONAL FEDERAL 5ª REGIAO (TRF5)', 'Vara': '1ª VARA CIVEL', 'Banco': 'CEF', 'Agência': nan, 'Conta': nan, 'Mês Competência': '10/2025', 'Solicitar Certidão': 'Sim', 'Observações': 'Arquivo de teste múltiplo', 'Status': 'Cadastro', 'Cadastrado por': nan, 'Data de Cadastro': nan, 'Observações Honorários': nan, 'Status Secundario': nan, 'SAC Documentacao Pronta': 'Não', 'Data SAC Documentacao': nan, 'SAC Responsavel': nan, 'Admin Documentacao Pronta': 'Não', 'Data Admin Documentacao': nan, 'Admin Responsavel': nan, 'Validado Financeiro': 'Não', 'Data Validacao': nan, 'Validado Por': nan, 'Comprovante Recebimento': nan, 'Data Recebimento': nan, 'Recebido Por': nan, 'Comprovante Pagamento': nan, 'Data Pagamento': nan, 'Pago Por': nan, 'Data Finalizacao': nan, 'Honorarios Contratuais': 59.0, 'HC1': nan, 'HC2': nan, 'Observacoes Honorarios Contratuais': 'Honorários', 'Valor Saque': 988.0, 'H Sucumbenciais': 95.0, 'Valor Parceiro Prospector': 600.0, 'Outros Valores': 80.0, 'Observacoes Gerais': 'valores', 'Forma Pagamento': 'PIX', 'Houve Destaque Honorarios': 'Não', 'Valor Cliente': 300.0, 'Data Cadastro': '25/09/2025 09:02', 'Cadastrado Por': 'admin', 'PDF RPV': 'Drive: 78796754545-2_rpv_20250925_090248_extra.pdf (ID: 1nsy9IxPLHTg_AELXDz3pOUMRQRHyfE9e)', 'Data Comprovante Recebimento': nan, 'Recebimento Por': nan, 'Data Envio': nan, 'Enviado Por': nan, 'Valor Líquido': nan, 'Observações Pagamento': nan, 'Data Finalização': nan, 'Finalizado Por': nan, 'Valor Honorario Sucumbencial': nan, 'Observacoes Valores': nan}"
25/09/2025 10:41:59,admin,RPV,78796754545-3,Testes,6669454559,Cadastro,,"{'ID': 1, 'Processo': '78796754545-3', 'Beneficiário': 'Testes', 'CPF': 6669454559, 'Descricao RPV': 'Terceiro', 'Assunto': 'REVISAO DE BENEFICIO', 'Orgao Judicial': 'TRIBUNAL REGIONAL FEDERAL 5ª REGIAO (TRF5)', 'Vara': '1ª VARA CIVEL', 'Banco': 'CEF', 'Agência': nan, 'Conta': nan, 'Mês Competência': '10/2025', 'Solicitar Certidão': 'Sim', 'Observações': 'Arquivo de teste múltiplo', 'Status': 'Cadastro', 'Cadastrado por': nan, 'Data de Cadastro': nan, 'Observações Honorários': nan, 'Status Secundario': nan, 'SAC Documentacao Pronta': 'Não', 'Data SAC Documentacao': nan, 'SAC Responsavel': nan, 'Admin Documentacao Pronta': 'Não', 'Data Admin Documentacao': nan, 'Admin Responsavel': nan, 'Validado Financeiro': 'Não', 'Data Validacao': nan, 'Validado Por': nan, 'Comprovante Recebimento': nan, 'Data Recebimento': nan, 'Recebido Por': nan, 'Comprovante Pagamento': nan, 'Data Pagamento': nan, 'Pago Por': nan, 'Data Finalizacao': nan, 'Honorarios Contratuais': 98.0, 'HC1': nan, 'HC2': nan, 'Observacoes Honorarios Contratuais': 'Con,trato', 'Valor Saque': 800.0, 'H Sucumbenciais': 78.0, 'Valor Parceiro Prospector': 60.0, 'Outros Valores': 5000.0, 'Observacoes Gerais': 'Val, ores', 'Forma Pagamento': 'Dinheiro', 'Houve Destaque Honorarios': 'Não', 'Valor Cliente': 98.0, 'Data Cadastro': '25/09/2025 09:02', 'Cadastrado Por': 'admin', 'PDF RPV': 'Drive: 78796754545-3_rpv_20250925_090252_limites_me.pdf (ID: 1hHazfgZnV-bXge2TEb09LDkOEizF5JvN)', 'Data Comprovante Recebimento': nan, 'Recebimento Por': nan, 'Data Envio': nan, 'Enviado Por': nan, 'Valor Líquido': nan, 'Observações Pagamento': nan, 'Data Finalização': nan, 'Finalizado Por': nan, 'Valor Honorario Sucumbencial': nan, 'Observacoes Valores': nan}"
28/09/2025 18:55:54,admin,RPV,0001234-56.2024.5.02.0001,João da Silva Teste,123.456.789-01,SAC - aguardando documentação,,"{'ID': 'feedf0c7-05bd-4133-8412-a79c62949bf7', 'Processo': '0001234-56.2024.5.02.0001', 'Beneficiário': 'João da Silva Teste', 'CPF': '123.456.789-01', 'Descricao RPV': 'Diferenças salariais - teste', 'Assunto': 'Trabalhista', 'Orgao Judicial': 'TRT 2ª Região', 'Vara': '1ª Vara do Trabalho', 'Banco': 'CEF', 'Agência': 1234, 'Conta': '56789-0', 'Mês Competência': '09/2024', 'Solicitar Certidão': 'Sim', 'Observações': 'Processo de teste - RPV', 'Status': 'SAC - aguardando documentação', 'Cadastrado por': 'admin', 'Data de Cadastro': '25/09/2025 10:22:03', 'Observações Honorários': 'Teste de observações contratuais', 'Status Secundario': 'Administrativo - aguardando documentação', 'SAC Documentacao Pronta': nan, 'Data SAC Documentacao': nan, 'SAC Responsavel': nan, 'Admin Documentacao Pronta': nan, 'Data Admin Documentacao': nan, 'Admin Responsavel': nan, 'Validado Financeiro': nan, 'Data Validacao': nan, 'Validado Por': nan, 'Comprovante Recebimento': nan, 'Data Recebimento': nan, 'Recebido Por': nan, 'Comprovante Pagamento': nan, 'Data Pagamento': nan, 'Pago Por': nan, 'Data Finalizacao': nan, 'Honorarios Contratuais': nan, 'HC1': nan, 'HC2': nan, 'Observacoes Honorarios Contratuais': nan, 'Valor Saque': nan, 'H Sucumbenciais': nan, 'Valor Parceiro Prospector': nan, 'Outros Valores': nan, 'Observacoes Gerais': nan, 'Forma Pagamento': nan, 'Houve Destaque Honorarios': nan, 'Valor Cliente': nan, 'Data Cadastro': nan, 'Cadastrado Por': nan, 'PDF RPV': nan, 'Data Comprovante Recebimento': nan, 'Recebimento Por': nan, 'Data Envio': '25/09/2025 10:22', 'Enviado Por': 'admin', 'Valor Líquido': nan, 'Observações Pagamento': nan, 'Data Finalização': nan, 'Finalizado Por': nan, 'Valor Honorario Sucumbencial': nan, 'Observacoes Valores': nan}"
28/09/2025 18:55:58,admin,RPV,0002345-67.2024.5.02.0002,Maria dos Santos Teste,987.654.321-09,Enviado SAC,,"{'ID': 'f1f927a7-bfbd-4511-a31e-4cedccf4c627', 'Processo': '0002345-67.2024.5.02.0002', 'Beneficiário': 'Maria dos Santos Teste', 'CPF': '987.654.321-09', 'Descricao RPV': 'Horas extras - teste', 'Assunto': 'Trabalhista', 'Orgao Judicial': 'TRT 2ª Região', 'Vara': '2ª Vara do Trabalho', 'Banco': 'BB', 'Agência': 5678, 'Conta': '12345-6', 'Mês Competência': '10/2024', 'Solicitar Certidão': 'Não', 'Observações': 'Processo de teste - Enviado SAC', 'Status': 'Enviado SAC', 'Cadastrado por': 'admin', 'Data de Cadastro': '25/09/2025 10:22:03', 'Observações Honorários': nan, 'Status Secundario': nan, 'SAC Documentacao Pronta': nan, 'Data SAC Documentacao': nan, 'SAC Responsavel': nan, 'Admin Documentacao Pronta': nan, 'Data Admin Documentacao': nan, 'Admin Responsavel': nan, 'Validado Financeiro': nan, 'Data Validacao': nan, 'Validado Por': nan, 'Comprovante Recebimento': nan, 'Data Recebimento': nan, 'Recebido Por': nan, 'Comprovante Pagamento': nan, 'Data Pagamento': nan, 'Pago Por': nan, 'Data Finalizacao': nan, 'Honorarios Contratuais': nan, 'HC1': nan, 'HC2': nan, 'Observacoes Honorarios Contratuais': nan, 'Valor Saque': nan, 'H Sucumbenciais': nan, 'Valor Parceiro Prospector': nan, 'Outros Valores': nan, 'Observacoes Gerais': nan, 'Forma Pagamento': nan, 'Houve Destaque Honorarios': nan, 'Valor Cliente': nan, 'Data Cadastro': nan, 'Cadastrado Por': nan, 'PDF RPV': nan, 'Data Comprovante Recebimento': nan, 'Recebimento Por': nan, 'Data Envio': nan, 'Enviado Por': nan, 'Valor Líquido': nan, 'Observações Pagamento': nan, 'Data Finalização': nan, 'Finalizado Por': nan, 'Valor Honorario Sucumbencial': nan, 'Observacoes Valores': nan}"
28/09/2025 18:55:58,admin,RPV,0001234-56.2024.5.02.0001,João da Silva Teste,123.456.789-01,SAC - aguardando documentação,,"{'ID': '5470e3ad-4a2e-4a29-b176-844d49215a56', 'Processo': '0001234-56.2024.5.02.0001', 'Beneficiário': 'João da Silva Teste', 'CPF': '123.456.789-01', 'Descricao RPV': 'Diferenças salariais - teste', 'Assunto': 'Trabalhista', 'Orgao Judicial': 'TRT 2ª Região', 'Vara': '1ª Vara do Trabalho', 'Banco': 'CEF', 'Agência': 1234, 'Conta': '56789-0', 'Mês Competência': '09/2024', 'Solicitar Certidão': 'Sim', 'Observações': 'Processo de teste - RPV', 'Status': 'SAC - aguardando documentação', 'Cadastrado por': 'admin', 'Data de Cadastro': '25/09/2025 10:42:11', 'Observações Honorários': 'Teste de observações contratuais', 'Status Secundario': 'Administrativo - aguardando documentação', 'SAC Documentacao Pronta': nan, 'Data SAC Documentacao': nan, 'SAC Responsavel': nan, 'Admin Documentacao Pronta': nan, 'Data Admin Documentacao': nan, 'Admin Responsavel': nan, 'Validado Financeiro': nan, 'Data Validacao': nan, 'Validado Por': nan, 'Comprovante Recebimento': nan, 'Data Recebimento': nan, 'Recebido Por': nan, 'Comprovante Pagamento': nan, 'Data Pagamento': nan, 'Pago Por': nan, 'Data Finalizacao': nan, 'Honorarios Contratuais': nan, 'HC1': nan, 'HC2': nan, 'Observacoes Honorarios Contratuais': nan, 'Valor Saque': nan, 'H Sucumbenciais': nan, 'Valor Parceiro Prospector': nan, 'Outros Valores': nan, 'Observacoes Gerais': nan, 'Forma Pagamento': nan, 'Houve Destaque Honorarios': nan, 'Valor Cliente': nan, 'Data Cadastro': nan, 'Cadastrado Por': nan, 'PDF RPV': nan, 'Data Comprovante Recebimento': nan, 'Recebimento Por': nan, 'Data Envio': '25/09/2025 10:42', 'Enviado Por': 'admin', 'Valor Líquido': nan, 'Observações Pagamento': nan, 'Data Finalização': nan, 'Finalizado Por': nan, 'Valor Honorario Sucumbencial': nan, 'Observacoes Valores': nan}"
28/09/2025 18:55:58,admin,RPV,0002345-67.2024.5.02.0002,Maria dos Santos Teste,987.654.321-09,Enviado SAC,,"{'ID': '0497ab91-1bfe-460f-9a90-aea07d12d9f3', 'Processo': '0002345-67.2024.5.02.0002', 'Beneficiário': 'Maria dos Santos Teste', 'CPF': '987.654.321-09', 'Descricao RPV': 'Horas extras - teste', 'Assunto': 'Trabalhista', 'Orgao Judicial': 'TRT 2ª Região', 'Vara': '2ª Vara do Trabalho', 'Banco': 'BB', 'Agência': 5678, 'Conta': '12345-6', 'Mês Competência': '10/2024', 'Solicitar Certidão': 'Não', 'Observações': 'Processo de teste - Enviado SAC', 'Status': 'Enviado SAC', 'Cadastrado por': 'admin', 'Data de Cadastro': '25/09/2025 10:42:11', 'Observações Honorários': nan, 'Status Secundario': nan, 'SAC Documentacao Pronta': nan, 'Data SAC Documentacao': nan, 'SAC Responsavel': nan, 'Admin Documentacao Pronta': nan, 'Data Admin Documentacao': nan, 'Admin Responsavel': nan, 'Validado Financeiro': nan, 'Data Validacao': nan, 'Validado Por': nan, 'Comprovante Recebimento': nan, 'Data Recebimento': nan, 'Recebido Por': nan, 'Comprovante Pagamento': nan, 'Data Pagamento': nan, 'Pago Por': nan, 'Data Finalizacao': nan, 'Honorarios Contratuais': nan, 'HC1': nan, 'HC2': nan, 'Observacoes Honorarios Contratuais': nan, 'Valor Saque': nan, 'H Sucumbenciais': nan, 'Valor Parceiro Prospector': nan, 'Outros Valores': nan, 'Observacoes Gerais': nan, 'Forma Pagamento': nan, 'Houve Destaque Honorarios': nan, 'Valor Cliente': nan, 'Data Cadastro': nan, 'Cadastrado Por': nan, 'PDF RPV': nan, 'Data Comprovante Recebimento': nan, 'Recebimento Por': nan, 'Data Envio': nan, 'Enviado Por': nan, 'Valor Líquido': nan, 'Observações Pagamento': nan, 'Data Finalização': nan, 'Finalizado Por': nan, 'Valor Honorario Sucumbencial': nan, 'Observacoes Valores': nan}"
28/09/2025 21:58:11,victor,RPV,98988989-1,Testes multiplos,12321231233,Cadastro,,"{'ID': 1, 'Processo': '98988989-1', 'Beneficiário': 'Testes multiplos', 'CPF': 12321231233, 'Descricao RPV': 'primeiro', 'Assunto': 'ADICIONAL DE INSALUBRIDADE', 'Orgao Judicial': 'TRIBUNAL REGIONAL FEDERAL 5ª REGIAO (TRF5)', 'Vara': '1ª VARA CIVEL', 'Banco': 'BB', 'Agência': nan, 'Conta': nan, 'Mês Competência': '10/2027', 'Solicitar Certidão': 'Sim', 'Observações': 'Ob', 'Status': 'Cadastro', 'Cadastrado por': nan, 'Data de Cadastro': nan, 'Observações Honorários': nan, 'Status Secundario': nan, 'SAC Documentacao Pronta': 'Não', 'Data SAC Documentacao': nan, 'SAC Responsavel': nan, 'Admin Documentacao Pronta': 'Não', 'Data Admin Documentacao': nan, 'Admin Responsavel': nan, 'Validado Financeiro': 'Não', 'Data Validacao': nan, 'Validado Por': nan, 'Comprovante Recebimento': nan, 'Data Recebimento': nan, 'Recebido Por': nan, 'Comprovante Pagamento': nan, 'Data Pagamento': nan, 'Pago Por': nan, 'Data Finalizacao': nan, 'Honorarios Contratuais': 300.0, 'HC1': nan, 'HC2': nan, 'Observacoes Honorarios Contratuais': '90', 'Valor Saque': 60000.0, 'H Sucumbenciais': 400.0, 'Valor Parceiro Prospector': 78.0, 'Outros Valores': 60.0, 'Observacoes Gerais': 'observations', 'Forma Pagamento': 'Transferência', 'Houve Destaque Honorarios': 'Sim', 'Valor Cliente': 500.0, 'Data Cadastro': '28/09/2025 19:51', 'Cadastrado Por': 'victor', 'PDF RPV': 'Drive: 98988989-1_rpv_20250928_195142_calc2.pdf (ID: 1h_QgnbBYcuB5kEoHFpN9PSzmAl8u9Pdg)', 'Data Comprovante Recebimento': nan, 'Recebimento Por': nan, 'Data Envio': nan, 'Enviado Por': nan, 'Valor Líquido': nan, 'Observações Pagamento': nan, 'Data Finalização': nan, 'Finalizado Por': nan, 'Valor Honorario Sucumbencial': nan, 'Observacoes Valores': nan}"
28/09/2025 21:58:11,victor,RPV,98988989-2,Testes multiplos,12321231233,Cadastro,,"{'ID': 1, 'Processo': '98988989-2', 'Beneficiário': 'Testes multiplos', 'CPF': 12321231233, 'Descricao RPV': 'segundo', 'Assunto': 'ADICIONAL DE INSALUBRIDADE', 'Orgao Judicial': 'TRIBUNAL REGIONAL FEDERAL 5ª REGIAO (TRF5)', 'Vara': '1ª VARA CIVEL', 'Banco': 'BB', 'Agência': nan, 'Conta': nan, 'Mês Competência': '10/2027', 'Solicitar Certidão': 'Sim', 'Observações': 'Ob', 'Status': 'Cadastro', 'Cadastrado por': nan, 'Data de Cadastro': nan, 'Observações Honorários': nan, 'Status Secundario': nan, 'SAC Documentacao Pronta': 'Não', 'Data SAC Documentacao': nan, 'SAC Responsavel': nan, 'Admin Documentacao Pronta': 'Não', 'Data Admin Documentacao': nan, 'Admin Responsavel': nan, 'Validado Financeiro': 'Não', 'Data Validacao': nan, 'Validado Por': nan, 'Comprovante Recebimento': nan, 'Data Recebimento': nan, 'Recebido Por': nan, 'Comprovante Pagamento': nan, 'Data Pagamento': nan, 'Pago Por': nan, 'Data Finalizacao': nan, 'Honorarios Contratuais': 1234.0, 'HC1': nan, 'HC2': nan, 'Observacoes Honorarios Contratuais': 'HC', 'Valor Saque': 9090.0, 'H Sucumbenciais': 800.0, 'Valor Parceiro Prospector': 80.0, 'Outros Valores': 999.0, 'Observacoes Gerais': 'valores', 'Forma Pagamento': 'PIX', 'Houve Destaque Honorarios': 'Não', 'Valor Cliente': 54.0, 'Data Cadastro': '28/09/2025 19:51', 'Cadastrado Por': 'victor', 'PDF RPV': 'Drive: 98988989-2_rpv_20250928_195146_CamScanner 25-09-2025 19.00.pdf (ID: 1K3uDtcZLs4Ejj7Z_LxY6hbflszaq3BpW)', 'Data Comprovante Recebimento': nan, 'Recebimento Por': nan, 'Data Envio': nan, 'Enviado Por': nan, 'Valor Líquido': nan, 'Observações Pagamento': nan, 'Data Finalização': nan, 'Finalizado Por': nan, 'Valor Honorario Sucumbencial': nan, 'Observacoes Valores': nan}"
28/09/2025 21:58:15,victor,RPV,98988989-3,Testes multiplos,12321231233,Cadastro,,"{'ID': 1, 'Processo': '98988989-3', 'Beneficiário': 'Testes multiplos', 'CPF': 12321231233, 'Descricao RPV': 'terceiro', 'Assunto': 'ADICIONAL DE INSALUBRIDADE', 'Orgao Judicial': 'TRIBUNAL REGIONAL FEDERAL 5ª REGIAO (TRF5)', 'Vara': '1ª VARA CIVEL', 'Banco': 'BB', 'Agência': nan, 'Conta': nan, 'Mês Competência': '10/2027', 'Solicitar Certidão': 'Sim', 'Observações': 'Ob', 'Status': 'Cadastro', 'Cadastrado por': nan, 'Data de Cadastro': nan, 'Observações Honorários': nan, 'Status Secundario': nan, 'SAC Documentacao Pronta': 'Não', 'Data SAC Documentacao': nan, 'SAC Responsavel': nan, 'Admin Documentacao Pronta': 'Não', 'Data Admin Documentacao': nan, 'Admin Responsavel': nan, 'Validado Financeiro': 'Não', 'Data Validacao': nan, 'Validado Por': nan, 'Comprovante Recebimento': nan, 'Data Recebimento': nan, 'Recebido Por': nan, 'Comprovante Pagamento': nan, 'Data Pagamento': nan, 'Pago Por': nan, 'Data Finalizacao': nan, 'Honorarios Contratuais': 400.0, 'HC1': nan, 'HC2': nan, 'Observacoes Honorarios Contratuais': 'honorairos', 'Valor Saque': 50000.0, 'H Sucumbenciais': 700.0, 'Valor Parceiro Prospector': 800.0, 'Outros Valores': 6.0, 'Observacoes Gerais': 'valores', 'Forma Pagamento': 'Dinheiro', 'Houve Destaque Honorarios': 'Não', 'Valor Cliente': 9999.0, 'Data Cadastro': '28/09/2025 19:51', 'Cadastrado Por': 'victor', 'PDF RPV': 'Drive: 98988989-3_rpv_20250928_195149_extra.pdf (ID: 1y7W5ZdtB6yGVxZdXhWVkNkiGFx9sTfjS)', 'Data Comprovante Recebimento': nan, 'Recebimento Por': nan, 'Data Envio': nan, 'Enviado Por': nan, 'Valor Líquido': nan, 'Observações Pagamento': nan, 'Data Finalização': nan, 'Finalizado Por': nan, 'Valor Honorario Sucumbencial': nan, 'Observacoes Valores': nan}"
29/09/2025 00:38:59,dev,RPV,1111-1,teste,99999999999,Cadastro,,"{'ID': 1, 'Processo': '1111-1', 'Beneficiário': 'teste', 'CPF': 99999999999, 'Descricao RPV': 111111111111111111, 'Assunto': 'ABONO ANUAL (13º SALARIO)', 'Orgao Judicial': 'TRIBUNAL REGIONAL FEDERAL 5ª REGIAO (TRF5)', 'Vara': '1ª VARA CIVEL', 'Banco': 'CEF', 'Agência': nan, 'Conta': nan, 'Mês Competência': '09/2025', 'Solicitar Certidão': 'Sim', 'Observações': 'onbds', 'Status': 'Cadastro', 'Cadastrado por': nan, 'Data de Cadastro': nan, 'Observações Honorários': nan, 'Status Secundario': nan, 'SAC Documentacao Pronta': 'Não', 'Data SAC Documentacao': nan, 'SAC Responsavel': nan, 'Admin Documentacao Pronta': 'Não', 'Data Admin Documentacao': nan, 'Admin Responsavel': nan, 'Validado Financeiro': 'Não', 'Data Validacao': nan, 'Validado Por': nan, 'Comprovante Recebimento': nan, 'Data Recebimento': nan, 'Recebido Por': nan, 'Comprovante Pagamento': nan, 'Data Pagamento': nan, 'Pago Por': nan, 'Data Finalizacao': nan, 'Honorarios Contratuais': 4.0, 'HC1': nan, 'HC2': nan, 'Observacoes Honorarios Contratuais': 'ytytyty', 'Valor Saque': 7777.0, 'H Sucumbenciais': 55.0, 'Valor Parceiro Prospector': 5555.0, 'Outros Valores': 445.0, 'Observacoes Gerais': 'uiui', 'Forma Pagamento': 'PIX', 'Houve Destaque Honorarios': 'Sim', 'Valor Cliente': 4.0, 'Data Cadastro': '28/09/2025 22:07', 'Cadastrado Por': 'victor', 'PDF RPV': 'Drive: 1111-1_rpv_20250928_220744_consulta.pdf (ID: 10RysLqiUrGFwSKErDUyJcnIXMyMuo7mZ)', 'Data Comprovante Recebimento': nan, 'Recebimento Por': nan, 'Data Envio': nan, 'Enviado Por': nan, 'Valor Líquido': nan, 'Observações Pagamento': nan, 'Data Finalização': nan, 'Finalizado Por': nan, 'Valor Honorario Sucumbencial': nan, 'Observacoes Valores': nan}"
29/09/2025 00:39:03,dev,RPV,1111-2,teste,99999999999,Cadastro,,"{'ID': 1, 'Processo': '1111-2', 'Beneficiário': 'teste', 'CPF': 99999999999, 'Descricao RPV': 2222222222222, 'Assunto': 'ABONO ANUAL (13º SALARIO)', 'Orgao Judicial': 'TRIBUNAL REGIONAL FEDERAL 5ª REGIAO (TRF5)', 'Vara': '1ª VARA CIVEL', 'Banco': 'CEF', 'Agência': nan, 'Conta': nan, 'Mês Competência': '09/2025', 'Solicitar Certidão': 'Sim', 'Observações': 'onbds', 'Status': 'Cadastro', 'Cadastrado por': nan, 'Data de Cadastro': nan, 'Observações Honorários': nan, 'Status Secundario': nan, 'SAC Documentacao Pronta': 'Não', 'Data SAC Documentacao': nan, 'SAC Responsavel': nan, 'Admin Documentacao Pronta': 'Não', 'Data Admin Documentacao': nan, 'Admin Responsavel': nan, 'Validado Financeiro': 'Não', 'Data Validacao': nan, 'Validado Por': nan, 'Comprovante Recebimento': nan, 'Data Recebimento': nan, 'Recebido Por': nan, 'Comprovante Pagamento': nan, 'Data Pagamento': nan, 'Pago Por': nan, 'Data Finalizacao': nan, 'Honorarios Contratuais': 99.0, 'HC1': nan, 'HC2': nan, 'Observacoes Honorarios Contratuais': 'iikik', 'Valor Saque': 8888888.0, 'H Sucumbenciais': 45.0, 'Valor Parceiro Prospector': 909.0, 'Outros Valores': 99.0, 'Observacoes Gerais': 'opopopopo', 'Forma Pagamento': 'PIX', 'Houve Destaque Honorarios': 'Sim', 'Valor Cliente': 34.0, 'Data Cadastro': '28/09/2025 22:07', 'Cadastrado Por': 'victor', 'PDF RPV': 'Drive: 1111-2_rpv_20250928_220748_Andre Leonardo - Planilha de requisitos.pdf (ID: 1RWM73oNZfTqEA9riUIgbn6CLPwqtVKLc)', 'Data Comprovante Recebimento': nan, 'Recebimento Por': nan, 'Data Envio': nan, 'Enviado Por': nan, 'Valor Líquido': nan, 'Observações Pagamento': nan, 'Data Finalização': nan, 'Finalizado Por': nan, 'Valor Honorario Sucumbencial': nan, 'Observacoes Valores': nan}"
29/09/2025 00:39:03,dev,RPV,1111-3,teste,99999999999,Cadastro,,"{'ID': 1, 'Processo': '1111-3', 'Beneficiário': 'teste', 'CPF': 99999999999, 'Descricao RPV': 33333333333, 'Assunto': 'ABONO ANUAL (13º SALARIO)', 'Orgao Judicial': 'TRIBUNAL REGIONAL FEDERAL 5ª REGIAO (TRF5)', 'Vara': '1ª VARA CIVEL', 'Banco': 'CEF', 'Agência': nan, 'Conta': nan, 'Mês Competência': '09/2025', 'Solicitar Certidão': 'Sim', 'Observações': 'onbds', 'Status': 'Cadastro', 'Cadastrado por': nan, 'Data de Cadastro': nan, 'Observações Honorários': nan, 'Status Secundario': nan, 'SAC Documentacao Pronta': 'Não', 'Data SAC Documentacao': nan, 'SAC Responsavel': nan, 'Admin Documentacao Pronta': 'Não', 'Data Admin Documentacao': nan, 'Admin Responsavel': nan, 'Validado Financeiro': 'Não', 'Data Validacao': nan, 'Validado Por': nan, 'Comprovante Recebimento': nan, 'Data Recebimento': nan, 'Recebido Por': nan, 'Comprovante Pagamento': nan, 'Data Pagamento': nan, 'Pago Por': nan, 'Data Finalizacao': nan, 'Honorarios Contratuais': 800.0, 'HC1': nan, 'HC2': nan, 'Observacoes Honorarios Contratuais': 'ertert', 'Valor Saque': 77777.0, 'H Sucumbenciais': 7878.0, 'Valor Parceiro Prospector': 88.0, 'Outros Valores': 909.0, 'Observacoes Gerais': 'asdasd', 'Forma Pagamento': 'Dinheiro', 'Houve Destaque Honorarios': 'Não', 'Valor Cliente': 5555.0, 'Data Cadastro': '28/09/2025 22:07', 'Cadastrado Por': 'victor', 'PDF RPV': 'Drive: 1111-3_rpv_20250928_220752_limites_me.pdf (ID: 146iHo6bnWQvE8xznjJz1er8utmllWa89)', 'Data Comprovante Recebimento': nan, 'Recebimento Por': nan, 'Data Envio': nan, 'Enviado Por': nan, 'Valor Líquido': nan, 'Observações Pagamento': nan, 'Data Finalização': nan, 'Finalizado Por': nan, 'Valor Honorario Sucumbencial': nan, 'Observacoes Valores': nan}"
29/09/2025 10:40:23,dev,RPV,999999999,JOAO GOMES,12345678900,Cadastro,,"{'ID': '7', 'Processo': '999999999', 'Beneficiário': 'JOAO GOMES', 'CPF': '12345678900', 'Descricao RPV': 'RPV01', 'Assunto': 'ABONO ANUAL (13º SALARIO)', 'Orgao Judicial': 'TRIBUNAL REGIONAL FEDERAL 5ª REGIAO (TRF5)', 'Vara': '1ª VARA CIVEL', 'Banco': 'CEF', 'Agência': 11111.0, 'Conta': '11111', 'Mês Competência': '08/2025', 'Solicitar Certidão': 'Sim', 'Observações': nan, 'Status': 'Cadastro', 'Cadastrado por': nan, 'Data de Cadastro': nan, 'Observações Honorários': nan, 'Status Secundario': nan, 'SAC Documentacao Pronta': 'Não', 'Data SAC Documentacao': nan, 'SAC Responsavel': nan, 'Admin Documentacao Pronta': 'Não', 'Data Admin Documentacao': nan, 'Admin Responsavel': nan, 'Validado Financeiro': 'Não', 'Data Validacao': nan, 'Validado Por': nan, 'Comprovante Recebimento': nan, 'Data Recebimento': nan, 'Recebido Por': nan, 'Comprovante Pagamento': nan, 'Data Pagamento': nan, 'Pago Por': nan, 'Data Finalizacao': nan, 'Honorarios Contratuais': 3000.0, 'HC1': nan, 'HC2': nan, 'Observacoes Honorarios Contratuais': nan, 'Valor Saque': 10000.0, 'H Sucumbenciais': 500.0, 'Valor Parceiro Prospector': 300.0, 'Outros Valores': 0.0, 'Observacoes Gerais': nan, 'Forma Pagamento': 'PIX', 'Houve Destaque Honorarios': 'Não', 'Valor Cliente': 6500.0, 'Data Cadastro': '29/09/2025 12:12', 'Cadastrado Por': 'victor', 'PDF RPV': 'Drive: 999999999_rpv_20250929_121223_3ª Pregação- Salvação de Jesus.docx.docx.pdf (ID: 1qDpvE6liHQGqXoWiBdvPOe11P_lVyS0v)', 'Data Comprovante Recebimento': nan, 'Recebimento Por': nan, 'Data Envio': nan, 'Enviado Por': nan, 'Valor Líquido': nan, 'Observações Pagamento': nan, 'Data Finalização': nan, 'Finalizado Por': nan, 'Valor Honorario Sucumbencial': nan, 'Observacoes Valores': nan}"
29/09/2025 10:40:23,dev,RPV,32423423,asdasd,44444444444,Cadastro,,"{'ID': '8', 'Processo': '32423423', 'Beneficiário': 'asdasd', 'CPF': '44444444444', 'Descricao RPV': nan, 'Assunto': 'ABONO ANUAL (13º SALARIO)', 'Orgao Judicial': 'TRIBUNAL REGIONAL FEDERAL 5ª REGIAO (TRF5)', 'Vara': '1ª VARA CIVEL', 'Banco': 'CEF', 'Agência': 1234.0, 'Conta': '12334', 'Mês Competência': '10/2028', 'Solicitar Certidão': 'Sim', 'Observações': nan, 'Status': 'Cadastro', 'Cadastrado por': nan, 'Data de Cadastro': nan, 'Observações Honorários': nan, 'Status Secundario': nan, 'SAC Documentacao Pronta': 'Não', 'Data SAC Documentacao': nan, 'SAC Responsavel': nan, 'Admin Documentacao Pronta': 'Não', 'Data Admin Documentacao': nan, 'Admin Responsavel': nan, 'Validado Financeiro': 'Não', 'Data Validacao': nan, 'Validado Por': nan, 'Comprovante Recebimento': nan, 'Data Recebimento': nan, 'Recebido Por': nan, 'Comprovante Pagamento': nan, 'Data Pagamento': nan, 'Pago Por': nan, 'Data Finalizacao': nan, 'Honorarios Contratuais': 0.0, 'HC1': nan, 'HC2': nan, 'Observacoes Honorarios Contratuais': nan, 'Valor Saque': 700.0, 'H Sucumbenciais': 0.0, 'Valor Parceiro Prospector': 0.0, 'Outros Valores': 0.0, 'Observacoes Gerais': nan, 'Forma Pagamento': 'PIX', 'Houve Destaque Honorarios': 'Não', 'Valor Cliente': 7000.0, 'Data Cadastro': '29/09/2025 10:16', 'Cadastrado Por': 'dev', 'PDF RPV': 'Drive: 32423423_rpv_20250929_101648_extra.pdf (ID: 1LRfXfsYUlZBASBcHMI19L0BSphK1BS5c)', 'Data Comprovante Recebimento': nan, 'Recebimento Por': nan, 'Data Envio': nan, 'Enviado Por': nan, 'Valor Líquido': nan, 'Observações Pagamento': nan, 'Data Finalização': nan, 'Finalizado Por': nan, 'Valor Honorario Sucumbencial': nan, 'Observacoes Valores': nan}"
29/09/2025 11:39:31,dev,RPV,123123,andre,44444444444,SAC - documentação pronta,,"{'ID': 9, 'Processo': 123123, 'Beneficiário': 'andre', 'CPF': 44444444444, 'Descricao RPV': nan, 'Assunto': 'APOSENTADORIA ESPECIAL', 'Orgao Judicial': 'TRIBUNAL REGIONAL FEDERAL 5ª REGIAO (TRF5)', 'Vara': '1ª VARA CIVEL', 'Banco': 'CEF', 'Agência': 3333.0, 'Conta': 2323, 'Mês Competência': '09/2024', 'Solicitar Certidão': 'Sim', 'Observações': nan, 'Status': 'SAC - documentação pronta', 'Cadastrado por': nan, 'Data de Cadastro': nan, 'Observações Honorários': nan, 'Status Secundario': 'Administrativo - documentação pronta', 'SAC Documentacao Pronta': 'Sim', 'Data SAC Documentacao': '29/09/2025 11:18', 'SAC Responsavel': 'SAC', 'Admin Documentacao Pronta': 'Sim', 'Data Admin Documentacao': '29/09/2025 11:19', 'Admin Responsavel': 'administrativo', 'Validado Financeiro': 'Não', 'Data Validacao': nan, 'Validado Por': nan, 'Comprovante Recebimento': nan, 'Data Recebimento': nan, 'Recebido Por': nan, 'Comprovante Pagamento': nan, 'Data Pagamento': nan, 'Pago Por': nan, 'Data Finalizacao': nan, 'Honorarios Contratuais': 689.0, 'HC1': nan, 'HC2': nan, 'Observacoes Honorarios Contratuais': nan, 'Valor Saque': 800.0, 'H Sucumbenciais': 0.0, 'Valor Parceiro Prospector': 90.0, 'Outros Valores': 0.0, 'Observacoes Gerais': nan, 'Forma Pagamento': 'PIX', 'Houve Destaque Honorarios': 'Sim', 'Valor Cliente': 500.0, 'Data Cadastro': '29/09/2025 10:39', 'Cadastrado Por': 'dev', 'PDF RPV': 'Drive: 123123_rpv_20250929_103936_extra.pdf (ID: 1JI5E8LmRZynVnLUluZ05bcSfb2MfnPwv)', 'Data Comprovante Recebimento': nan, 'Recebimento Por': nan, 'Data Envio': '29/09/2025 10:39', 'Enviado Por': 'dev', 'Valor Líquido': nan, 'Observações Pagamento': nan, 'Data Finalização': nan, 'Finalizado Por': nan, 'Valor Honorario Sucumbencial': nan, 'Observacoes Valores': nan}"
29/09/2025 11:39:35,dev,RPV,12345,testes,12121212222,Enviado para Rodrigo,,"{'ID': 10, 'Processo': '12345', 'Beneficiário': 'testes', 'CPF': '12121212222', 'Descricao RPV': nan, 'Assunto': 'ABONO ANUAL (13º SALARIO)', 'Orgao Judicial': 'TRIBUNAL REGIONAL FEDERAL 5ª REGIAO (TRF5)', 'Vara': '1ª VARA CIVEL', 'Banco': 'CEF', 'Agência': '22', 'Conta': '2222', 'Mês Competência': '01/2027', 'Solicitar Certidão': 'Sim', 'Observações': '', 'Status': 'Enviado para Rodrigo', 'Cadastrado por': nan, 'Data de Cadastro': nan, 'Observações Honorários': nan, 'Status Secundario': '', 'SAC Documentacao Pronta': 'Sim', 'Data SAC Documentacao': '29/09/2025 11:34', 'SAC Responsavel': 'dev', 'Admin Documentacao Pronta': 'Sim', 'Data Admin Documentacao': '29/09/2025 11:35', 'Admin Responsavel': 'dev', 'Validado Financeiro': 'Não', 'Data Validacao': '', 'Validado Por': '', 'Comprovante Recebimento': '', 'Data Recebimento': nan, 'Recebido Por': nan, 'Comprovante Pagamento': '', 'Data Pagamento': nan, 'Pago Por': nan, 'Data Finalizacao': nan, 'Honorarios Contratuais': 0.2, 'HC1': nan, 'HC2': nan, 'Observacoes Honorarios Contratuais': '', 'Valor Saque': 9000.0, 'H Sucumbenciais': 0.0, 'Valor Parceiro Prospector': 0.0, 'Outros Valores': 0.0, 'Observacoes Gerais': '', 'Forma Pagamento': 'PIX', 'Houve Destaque Honorarios': 'Não', 'Valor Cliente': 300.0, 'Data Cadastro': '29/09/2025 11:34', 'Cadastrado Por': 'dev', 'PDF RPV': 'Drive: 12345_rpv_20250929_113426_extra.pdf (ID: 1KmQz4EOiKUUI3YOzzAxPk4kB9nkujpCZ)', 'Data Comprovante Recebimento': '', 'Recebimento Por': '', 'Data Envio': '29/09/2025 11:34', 'Enviado Por': 'dev', 'Valor Líquido': '', 'Observações Pagamento': '', 'Data Finalização': '', 'Finalizado Por': '', 'Valor Honorario Sucumbencial': nan, 'Observacoes Valores': nan}"
29/09/2025 12:25:18,dev,RPV,12121,andre,77777777777,finalizado,,"{'ID': 1, 'Processo': 12121, 'Beneficiário': 'andre', 'CPF': 77777777777, 'Descricao RPV': nan, 'Assunto': 'ABONO ANUAL (13º SALARIO)', 'Orgao Judicial': 'TRIBUNAL REGIONAL FEDERAL 5ª REGIAO (TRF5)', 'Vara': '1ª VARA CIVEL', 'Banco': 'CEF', 'Agência': 123, 'Conta': 321, 'Mês Competência': '06/2028', 'Solicitar Certidão': 'Sim', 'Observações': nan, 'Status': 'finalizado', 'Cadastrado por': nan, 'Data de Cadastro': nan, 'Observações Honorários': nan, 'Status Secundario': nan, 'SAC Documentacao Pronta': 'Sim', 'Data SAC Documentacao': '29/09/2025 11:40', 'SAC Responsavel': 'dev', 'Admin Documentacao Pronta': 'Sim', 'Data Admin Documentacao': '29/09/2025 11:40', 'Admin Responsavel': 'dev', 'Validado Financeiro': 'Sim', 'Data Validacao': '29/09/2025 11:40', 'Validado Por': 'Sistema - Automatico SAC+Admin', 'Comprovante Recebimento': nan, 'Data Recebimento': nan, 'Recebido Por': nan, 'Comprovante Pagamento': 'pagamento_1_20250929_122204.pdf', 'Data Pagamento': '29/09/2025 12:22', 'Pago Por': 'dev', 'Data Finalizacao': '29/09/2025 12:22', 'Honorarios Contratuais': 700.0, 'HC1': nan, 'HC2': nan, 'Observacoes Honorarios Contratuais': nan, 'Valor Saque': 700.0, 'H Sucumbenciais': 0.0, 'Valor Parceiro Prospector': 3.0, 'Outros Valores': 0.0, 'Observacoes Gerais': nan, 'Forma Pagamento': 'PIX', 'Houve Destaque Honorarios': 'Não', 'Valor Cliente': 800.0, 'Data Cadastro': '29/09/2025 11:40', 'Cadastrado Por': 'dev', 'PDF RPV': 'Drive: 12121_rpv_20250929_114020_Andre Leonardo - Planilha de requisitos.pdf (ID: 1oLKh5y72Q-VsbM10sPYO_x2Qwd9WzkDj)', 'Data Comprovante Recebimento': nan, 'Recebimento Por': nan, 'Data Envio': '29/09/2025 11:40', 'Enviado Por': 'dev', 'Valor Líquido': nan, 'Observações Pagamento': nan, 'Data Finalização': nan, 'Finalizado Por': nan, 'Valor Honorario Sucumbencial': nan, 'Observacoes Valores': nan}"
29/09/2025 12:25:18,dev,RPV,44444,enviado,0,finalizado,N/A,"{'ID': 2, 'Processo': 44444, 'Beneficiário': 'enviado', 'CPF': 0, 'Descricao RPV': nan, 'Assunto': 'ABONO ANUAL (13º SALARIO)', 'Orgao Judicial': 'TRIBUNAL REGIONAL FEDERAL 5ª REGIAO (TRF5)', 'Vara': '1ª VARA CIVEL', 'Banco': 'CEF', 'Agência': 111, 'Conta': 222, 'Mês Competência': '09/2029', 'Solicitar Certidão': 'Sim', 'Observações': nan, 'Status': 'finalizado', 'Cadastrado por': nan, 'Data de Cadastro': nan, 'Observações Honorários': nan, 'Status Secundario': nan, 'SAC Documentacao Pronta': 'Sim', 'Data SAC Documentacao': '29/09/2025 11:46', 'SAC Responsavel': 'dev', 'Admin Documentacao Pronta': 'Sim', 'Data Admin Documentacao': '29/09/2025 11:46', 'Admin Responsavel': 'dev', 'Validado Financeiro': 'Sim', 'Data Validacao': '29/09/2025 11:46', 'Validado Por': 'Sistema - Automatico SAC+Admin', 'Comprovante Recebimento': 'recebimento_2_20250929_122148.pdf', 'Data Recebimento': '29/09/2025 12:21', 'Recebido Por': 'dev', 'Comprovante Pagamento': 'pagamento_2_20250929_122258.pdf', 'Data Pagamento': '29/09/2025 12:22', 'Pago Por': 'dev', 'Data Finalizacao': '29/09/2025 12:22', 'Honorarios Contratuais': 0.0, 'HC1': nan, 'HC2': nan, 'Observacoes Honorarios Contratuais': nan, 'Valor Saque': 89.0, 'H Sucumbenciais': 50.0, 'Valor Parceiro Prospector': 12.0, 'Outros Valores': 0.0, 'Observacoes Gerais': nan, 'Forma Pagamento': 'PIX', 'Houve Destaque Honorarios': 'Não', 'Valor Cliente': 50.0, 'Data Cadastro': '29/09/2025 11:45', 'Cadastrado Por': 'dev', 'PDF RPV': 'Drive: 44444_rpv_20250929_114539_consulta.pdf (ID: 1VDEyzMgo9hriJGmX-gSTrnJCkfqiK5HT)', 'Data Comprovante Recebimento': nan, 'Recebimento Por': nan, 'Data Envio': '29/09/2025 11:45', 'Enviado Por': 'dev', 'Valor Líquido': nan, 'Observações Pagamento': nan, 'Data Finalização': nan, 'Finalizado Por': nan, 'Valor Honorario Sucumbencial': nan, 'Observacoes Valores': nan}"
